{"step_1": 1714227973.9570498, "step_2": 1714248406.6679475, "step_3": 1714261159.961094, "step_4": 1714261269.1675904, "end": 1714261269.6573982}