{"C_B": {"Num_intf_residues": 47, "Polar": 0.2765957446808511, "Charged": 0.23404255319148937, "Intfresidues_ch2": ["B", 25], "Hydrophobhic": 0.3191489361702128}}