{"C_B": {"Num_intf_residues": 21, "Polar": 0.38095238095238093, "Charged": 0.38095238095238093, "Intfresidues_ch2": ["B", 12], "Hydrophobhic": 0.19047619047619047}}