{"C_B": {"Num_intf_residues": 38, "Polar": 0.18421052631578946, "Charged": 0.10526315789473684, "Intfresidues_ch2": ["B", 21], "Hydrophobhic": 0.5263157894736842}}