{"C_B": {"Num_intf_residues": 22, "Polar": 0.13636363636363635, "Charged": 0.36363636363636365, "Intfresidues_ch2": ["B", 13], "Hydrophobhic": 0.2727272727272727}}