{"C_B": {"Num_intf_residues": 26, "Polar": 0.38461538461538464, "Charged": 0.19230769230769232, "Intfresidues_ch2": ["B", 15], "Hydrophobhic": 0.19230769230769232}}