{"C_B": {"Num_intf_residues": 36, "Polar": 0.4444444444444444, "Charged": 0.16666666666666666, "Intfresidues_ch2": ["B", 18], "Hydrophobhic": 0.25}}