{"step_1": 1714264869.8336954, "step_2": 1714286026.95926, "step_3": 1714305851.0199032, "step_4": 1714305970.2082539, "end": 1714305971.0602605}