{"step_1": 1716258761.8897936, "step_2": 1716263821.308778, "step_3": 1716266521.3784027, "step_4": 1716266547.9094832, "end": 1716266548.0868547}