{"C_B": {"Num_intf_residues": 30, "Polar": 0.16666666666666666, "Charged": 0.3, "Intfresidues_ch2": ["B", 17], "Hydrophobhic": 0.36666666666666664}}