{"C_B": {"Num_intf_residues": 13, "Polar": 0.46153846153846156, "Charged": 0.07692307692307693, "Intfresidues_ch2": ["B", 6], "Hydrophobhic": 0.46153846153846156}}