{"C_B": {"Num_intf_residues": 42, "Polar": 0.35714285714285715, "Charged": 0.16666666666666666, "Intfresidues_ch2": ["B", 19], "Hydrophobhic": 0.42857142857142855}}