{"C_B": {"Num_intf_residues": 53, "Polar": 0.41509433962264153, "Charged": 0.1320754716981132, "Intfresidues_ch2": ["B", 26], "Hydrophobhic": 0.37735849056603776}}