{"C_B": {"Num_intf_residues": 29, "Polar": 0.27586206896551724, "Charged": 0.2413793103448276, "Intfresidues_ch2": ["B", 16], "Hydrophobhic": 0.3448275862068966}}