{"C_B": {"Num_intf_residues": 13, "Polar": 0.46153846153846156, "Charged": 0.15384615384615385, "Intfresidues_ch2": ["B", 8], "Hydrophobhic": 0.38461538461538464}}