{"C_B": {"Num_intf_residues": 27, "Polar": 0.3333333333333333, "Charged": 0.2962962962962963, "Intfresidues_ch2": ["B", 15], "Hydrophobhic": 0.25925925925925924}}