{"C_B": {"Num_intf_residues": 34, "Polar": 0.2647058823529412, "Charged": 0.14705882352941177, "Intfresidues_ch2": ["B", 17], "Hydrophobhic": 0.4117647058823529}}