{"C_B": {"Num_intf_residues": 13, "Polar": 0.07692307692307693, "Charged": 0.15384615384615385, "Intfresidues_ch2": ["B", 7], "Hydrophobhic": 0.46153846153846156}}