{"C_B": {"Num_intf_residues": 24, "Polar": 0.3333333333333333, "Charged": 0.2916666666666667, "Intfresidues_ch2": ["B", 12], "Hydrophobhic": 0.20833333333333334}}