{"step_1": 1714640168.5595636, "step_2": 1714661024.47114, "step_3": 1714692396.0616422, "step_4": 1714692527.2727563, "end": 1714692528.8626583}