{"C_B": {"Num_intf_residues": 22, "Polar": 0.13636363636363635, "Charged": 0.22727272727272727, "Intfresidues_ch2": ["B", 17], "Hydrophobhic": 0.5909090909090909}}