{"C_B": {"Num_intf_residues": 42, "Polar": 0.2857142857142857, "Charged": 0.19047619047619047, "Intfresidues_ch2": ["B", 23], "Hydrophobhic": 0.3333333333333333}}