{"C_B": {"Num_intf_residues": 37, "Polar": 0.35135135135135137, "Charged": 0.10810810810810811, "Intfresidues_ch2": ["B", 20], "Hydrophobhic": 0.21621621621621623}}