{"C_B": {"Num_intf_residues": 26, "Polar": 0.2692307692307692, "Charged": 0.3076923076923077, "Intfresidues_ch2": ["B", 10], "Hydrophobhic": 0.3076923076923077}}