{"C_B": {"Num_intf_residues": 26, "Polar": 0.23076923076923078, "Charged": 0.15384615384615385, "Intfresidues_ch2": ["B", 12], "Hydrophobhic": 0.5384615384615384}}