{"C_B": {"Num_intf_residues": 6, "Polar": 0.16666666666666666, "Charged": 0.0, "Intfresidues_ch2": ["B", 4], "Hydrophobhic": 0.6666666666666666}}