{"C_B": {"Num_intf_residues": 30, "Polar": 0.3, "Charged": 0.23333333333333334, "Intfresidues_ch2": ["B", 15], "Hydrophobhic": 0.3333333333333333}}