{"C_B": {"Num_intf_residues": 15, "Polar": 0.26666666666666666, "Charged": 0.13333333333333333, "Intfresidues_ch2": ["B", 8], "Hydrophobhic": 0.4}}