{"C_B": {"Num_intf_residues": 31, "Polar": 0.25806451612903225, "Charged": 0.12903225806451613, "Intfresidues_ch2": ["B", 11], "Hydrophobhic": 0.45161290322580644}}