{"C_B": {"Num_intf_residues": 21, "Polar": 0.19047619047619047, "Charged": 0.3333333333333333, "Intfresidues_ch2": ["B", 10], "Hydrophobhic": 0.2857142857142857}}