{"C_B": {"Num_intf_residues": 36, "Polar": 0.4722222222222222, "Charged": 0.25, "Intfresidues_ch2": ["B", 17], "Hydrophobhic": 0.2222222222222222}}