{"C_B": {"Num_intf_residues": 14, "Polar": 0.35714285714285715, "Charged": 0.2857142857142857, "Intfresidues_ch2": ["B", 8], "Hydrophobhic": 0.21428571428571427}}