{"C_B": {"Num_intf_residues": 36, "Polar": 0.3333333333333333, "Charged": 0.16666666666666666, "Intfresidues_ch2": ["B", 19], "Hydrophobhic": 0.4166666666666667}}