{"C_B": {"Num_intf_residues": 27, "Polar": 0.18518518518518517, "Charged": 0.25925925925925924, "Intfresidues_ch2": ["B", 14], "Hydrophobhic": 0.37037037037037035}}