{"C_B": {"Num_intf_residues": 14, "Polar": 0.6428571428571429, "Charged": 0.07142857142857142, "Intfresidues_ch2": ["B", 5], "Hydrophobhic": 0.2857142857142857}}